"Taxa","PPE"
"Betula",19.7474084989459
"Pinus",43.1233110792192
